{
  "Total" : {
    "transaction" : "Total",
    "sampleCount" : 4211,
    "errorCount" : 0,
    "errorPct" : 0.0,
    "meanResTime" : 8074.242460223215,
    "minResTime" : 130.0,
    "maxResTime" : 34964.0,
    "pct1ResTime" : 20767.4,
    "pct2ResTime" : 24602.199999999997,
    "pct3ResTime" : 29294.960000000003,
    "throughput" : 8.972861940234901,
    "receivedKBytesPerSec" : 6.088235767088071,
    "sentKBytesPerSec" : 2.129302198708087
  },
  "HTTP Request" : {
    "transaction" : "HTTP Request",
    "sampleCount" : 4211,
    "errorCount" : 0,
    "errorPct" : 0.0,
    "meanResTime" : 8074.242460223215,
    "minResTime" : 130.0,
    "maxResTime" : 34964.0,
    "pct1ResTime" : 20767.4,
    "pct2ResTime" : 24602.199999999997,
    "pct3ResTime" : 29294.960000000003,
    "throughput" : 8.972861940234901,
    "receivedKBytesPerSec" : 6.088235767088071,
    "sentKBytesPerSec" : 2.129302198708087
  }
}