{
  "Cancel Order" : {
    "transaction" : "Cancel Order",
    "sampleCount" : 1415,
    "errorCount" : 1,
    "errorPct" : 0.07067138,
    "meanResTime" : 26737.656537102455,
    "minResTime" : 45.0,
    "maxResTime" : 58294.0,
    "pct1ResTime" : 47513.4,
    "pct2ResTime" : 50373.6,
    "pct3ResTime" : 53225.55999999998,
    "throughput" : 3.2618267151676092,
    "receivedKBytesPerSec" : 1.1531562351604174,
    "sentKBytesPerSec" : 1.359100467720594
  },
  "List MyOrders" : {
    "transaction" : "List MyOrders",
    "sampleCount" : 1420,
    "errorCount" : 1,
    "errorPct" : 0.07042254,
    "meanResTime" : 27113.063380281652,
    "minResTime" : 33.0,
    "maxResTime" : 57575.0,
    "pct1ResTime" : 48214.6,
    "pct2ResTime" : 50512.4,
    "pct3ResTime" : 53953.96,
    "throughput" : 3.2370943658600524,
    "receivedKBytesPerSec" : 16.88772237214047,
    "sentKBytesPerSec" : 1.1779948643896823
  },
  "Total" : {
    "transaction" : "Total",
    "sampleCount" : 5701,
    "errorCount" : 3,
    "errorPct" : 0.052622348,
    "meanResTime" : 26879.64743027539,
    "minResTime" : 33.0,
    "maxResTime" : 61576.0,
    "pct1ResTime" : 49074.8,
    "pct2ResTime" : 51280.899999999994,
    "pct3ResTime" : 57520.47999999999,
    "throughput" : 12.927877365443269,
    "receivedKBytesPerSec" : 21.29799358963457,
    "sentKBytesPerSec" : 4.778385407808655
  },
  "Comment Order" : {
    "transaction" : "Comment Order",
    "sampleCount" : 1418,
    "errorCount" : 1,
    "errorPct" : 0.07052186,
    "meanResTime" : 26884.22849083211,
    "minResTime" : 57.0,
    "maxResTime" : 58227.0,
    "pct1ResTime" : 47463.50000000001,
    "pct2ResTime" : 50333.05,
    "pct3ResTime" : 52947.66999999997,
    "throughput" : 3.308546456145427,
    "receivedKBytesPerSec" : 1.1696729966727877,
    "sentKBytesPerSec" : 1.5335230580372248
  },
  "Login" : {
    "transaction" : "Login",
    "sampleCount" : 1448,
    "errorCount" : 0,
    "errorPct" : 0.0,
    "meanResTime" : 26785.013812154648,
    "minResTime" : 1844.0,
    "maxResTime" : 61576.0,
    "pct1ResTime" : 53413.5,
    "pct2ResTime" : 56709.8,
    "pct3ResTime" : 59663.68,
    "throughput" : 3.3494250693363377,
    "receivedKBytesPerSec" : 2.272636340741546,
    "sentKBytesPerSec" : 0.7948342693835254
  }
}