{
  "Search Order" : {
    "transaction" : "Search Order",
    "sampleCount" : 2862,
    "errorCount" : 0,
    "errorPct" : 0.0,
    "meanResTime" : 12983.893431167018,
    "minResTime" : 26.0,
    "maxResTime" : 56981.0,
    "pct1ResTime" : 33791.4,
    "pct2ResTime" : 35655.65,
    "pct3ResTime" : 45043.479999999996,
    "throughput" : 6.8789808917197455,
    "receivedKBytesPerSec" : 28.74026136807475,
    "sentKBytesPerSec" : 2.503253252313424
  },
  "Total" : {
    "transaction" : "Total",
    "sampleCount" : 10325,
    "errorCount" : 5,
    "errorPct" : 0.04842615,
    "meanResTime" : 14414.09104116221,
    "minResTime" : 26.0,
    "maxResTime" : 57721.0,
    "pct1ResTime" : 34015.0,
    "pct2ResTime" : 36546.7,
    "pct3ResTime" : 46016.18,
    "throughput" : 24.68318268423934,
    "receivedKBytesPerSec" : 50.19649520470905,
    "sentKBytesPerSec" : 8.983069495710028
  },
  "Search Gyms" : {
    "transaction" : "Search Gyms",
    "sampleCount" : 2335,
    "errorCount" : 0,
    "errorPct" : 0.0,
    "meanResTime" : 15974.409850107084,
    "minResTime" : 169.0,
    "maxResTime" : 57721.0,
    "pct1ResTime" : 35099.2,
    "pct2ResTime" : 39783.799999999996,
    "pct3ResTime" : 47742.15999999998,
    "throughput" : 5.604425936371165,
    "receivedKBytesPerSec" : 15.438099858089215,
    "sentKBytesPerSec" : 2.0278236458470844
  },
  "Login" : {
    "transaction" : "Login",
    "sampleCount" : 2404,
    "errorCount" : 5,
    "errorPct" : 0.20798668,
    "meanResTime" : 15417.710482529134,
    "minResTime" : 132.0,
    "maxResTime" : 56073.0,
    "pct1ResTime" : 30738.5,
    "pct2ResTime" : 35796.5,
    "pct3ResTime" : 42837.85,
    "throughput" : 5.747057740717808,
    "receivedKBytesPerSec" : 3.904538743482564,
    "sentKBytesPerSec" : 1.3638037412054955
  },
  "Create Order" : {
    "transaction" : "Create Order",
    "sampleCount" : 2724,
    "errorCount" : 0,
    "errorPct" : 0.0,
    "meanResTime" : 13693.52569750367,
    "minResTime" : 48.0,
    "maxResTime" : 54595.0,
    "pct1ResTime" : 34063.5,
    "pct2ResTime" : 37539.5,
    "pct3ResTime" : 46621.75,
    "throughput" : 6.546157136608976,
    "receivedKBytesPerSec" : 2.341941072870456,
    "sentKBytesPerSec" : 3.1260199269985725
  }
}