{
  "List News" : {
    "transaction" : "List News",
    "sampleCount" : 4546,
    "errorCount" : 0,
    "errorPct" : 0.0,
    "meanResTime" : 7711.4076110866645,
    "minResTime" : 234.0,
    "maxResTime" : 18052.0,
    "pct1ResTime" : 14749.0,
    "pct2ResTime" : 15021.65,
    "pct3ResTime" : 15351.06,
    "throughput" : 11.425383149947471,
    "receivedKBytesPerSec" : 21.299859798095433,
    "sentKBytesPerSec" : 4.105997069512372
  },
  "Total" : {
    "transaction" : "Total",
    "sampleCount" : 5170,
    "errorCount" : 0,
    "errorPct" : 0.0,
    "meanResTime" : 7323.573694390721,
    "minResTime" : 132.0,
    "maxResTime" : 18052.0,
    "pct1ResTime" : 14689.900000000001,
    "pct2ResTime" : 14964.8,
    "pct3ResTime" : 15337.29,
    "throughput" : 12.957458433375606,
    "receivedKBytesPerSec" : 22.30194547497732,
    "sentKBytesPerSec" : 4.471787765853463
  },
  "Login" : {
    "transaction" : "Login",
    "sampleCount" : 624,
    "errorCount" : 0,
    "errorPct" : 0.0,
    "meanResTime" : 4498.104166666666,
    "minResTime" : 132.0,
    "maxResTime" : 10762.0,
    "pct1ResTime" : 6563.0,
    "pct2ResTime" : 6743.75,
    "pct3ResTime" : 7156.25,
    "throughput" : 4.286980358210186,
    "receivedKBytesPerSec" : 2.9096204579649214,
    "sentKBytesPerSec" : 1.0340665512479648
  }
}